{
	"list": ["cg00292135","cg00439658","cg01763090","cg01844642","cg02650266","cg03032497","cg03259243","cg03607117","cg04400972","cg04875128","cg05991454","cg06493994","cg06639320","cg06782035","cg06784991","cg07502389","cg07547549","cg07553761","cg07955995","cg08097417","cg08160331","cg11071401","cg11176990","cg11220950","cg11970349","cg12206199","cg14361627","cg14692377","cg16015712","cg16419235","cg16717122","cg16867657","cg17110586","cg20273670","cg20426994","cg21296230","cg21567504","cg21572722","cg22158769","cg22285878","cg22454769","cg22736354","cg23091758","cg23500537","cg24079702","cg24466241","cg24724428","cg25316339","cg26161329","cg26290632"],
	"cg00292135": 0.6359547827267341,
	"cg00439658": 0.5588505248263311,
	"cg01763090": 0.6502783995205498,
	"cg01844642": 0.5847217428171838,
	"cg02650266": 0.6610005515454552,
	"cg03032497": 0.6833911533148105,
	"cg03259243": 0.6621449354263892,
	"cg03607117": 0.5971822188468489,
	"cg04400972": 0.5976033852794177,
	"cg04875128": 0.6308703249431469,
	"cg05991454": 0.6356479522574705,
	"cg06493994": 0.6137947483457631,
	"cg06639320": 0.7581074657950431,
	"cg06782035": 0.5654093347354935,
	"cg06784991": 0.7189134416220673,
	"cg07502389": 0.5857917469081058,
	"cg07547549": 0.65548971494877,
	"cg07553761": 0.7322074628185915,
	"cg07955995": 0.6265140766536048,
	"cg08097417": 0.6077321074018082,
	"cg08160331": 0.6647469187941423,
	"cg11071401": 0.5676088775456934,
	"cg11176990": 0.6386668254553947,
	"cg11220950": 0.561528910336404,
	"cg11970349": 0.5812788969694832,
	"cg12206199": 0.5767838897427155,
	"cg14361627": 0.6176070581999052,
	"cg14692377": 0.6784644988070325,
	"cg16015712": 0.6633140012632169,
	"cg16419235": 0.6183895676163907,
	"cg16717122": 0.5685972825201735,
	"cg16867657": 0.863101806246248,
	"cg17110586": 0.6271642261584668,
	"cg20273670": 0.5931203044757822,
	"cg20426994": 0.5588860017763015,
	"cg21296230": 0.5603405836451061,
	"cg21572722": 0.7182476376904567,
	"cg21567504": 0.5717824240876459,
	"cg22158769": 0.6306846433290895,
	"cg22285878": 0.6152644195713407,
	"cg22454769": 0.7286880412558784,
	"cg22736354": 0.6439388147011179,
	"cg23091758": 0.5781360825115582,
	"cg23500537": 0.6511856580474443,
	"cg24079702": 0.7173030692302342,
	"cg24466241": 0.6294768282566696,
	"cg24724428": 0.7703181247155709,
	"cg25316339": 0.5971126586748553,
	"cg26161329": 0.6249565410665205,
	"cg26290632": 0.5860223350540552
}