{
	"list": ["cg00292135","cg01763090","cg02650266","cg03032497","cg03259243","cg04875128","cg05991454","cg06639320","cg06784991","cg07547549","cg07553761","cg07955995","cg08160331","cg11176990","cg14361627","cg14692377","cg16015712","cg16419235","cg16867657","cg17110586","cg21572722","cg22158769","cg22285878","cg22454769","cg22736354","cg23500537","cg24079702","cg24466241","cg24724428","cg26161329"],
	"cg00292135": 0.6359547827267341,
	"cg01763090": 0.6502783995205498,
	"cg02650266": 0.6610005515454552,
	"cg03032497": 0.6833911533148105,
	"cg03259243": 0.6621449354263892,
	"cg04875128": 0.6308703249431469,
	"cg05991454": 0.6356479522574705,
	"cg06639320": 0.7581074657950431,
	"cg06784991": 0.7189134416220673,
	"cg07547549": 0.65548971494877,
	"cg07553761": 0.7322074628185915,
	"cg07955995": 0.6265140766536048,
	"cg08160331": 0.6647464971750564,
	"cg11176990": 0.6386668254553947,
	"cg14361627": 0.6176070581999052,
	"cg14692377": 0.6784592193101143,
	"cg16015712": 0.6633140012632169,
	"cg16419235": 0.6183895676163907,
	"cg16867657": 0.863101806246248,
	"cg17110586": 0.6271642261584668,
	"cg21572722": 0.7182476376904567,
	"cg22158769": 0.6306169642456252,
	"cg22285878": 0.6152644195713407,
	"cg22454769": 0.7286880412558784,
	"cg22736354": 0.6439388147011179,
	"cg23500537": 0.6511856580474443,
	"cg24079702": 0.7173030692302342,
	"cg24466241": 0.6294786923787098,
	"cg24724428": 0.7703181247155709,
	"cg26161329": 0.6249565410665205
}