{
	"cg03032497": 0.6833911533148105,
	"cg06639320": 0.7581074657950431,
	"cg06784991": 0.7189134416220673,
	"cg07553761": 0.7322074628185915,
	"cg14692377": 0.6784644988070325,
	"cg16867657": 0.863101806246248,
	"cg21572722": 0.7182476376904567,
	"cg22454769": 0.7286880412558784,
	"cg24079702": 0.7173030692302342,
	"cg24724428": 0.7703181247155709
}